Method,weight,euclidean,pearson,geodesic
BCRA,constant,1,1,0.996
BCRA,probability,1,1,0.996
BCRA,chisquared,1,1,0.996
subsample-BCRA,constant,0.703030303030303,0.786008230452675,0.614
subsample-BCRA,probability,0.654545454545455,0.744855967078189,0.51
subsample-BCRA,chisquared,0.707070707070707,0.796296296296296,0.6
GWAS,GWAS,0.653131313131313,0.649588477366255,0.6561368
